{
	"token": {
		"Battle of Balls":"Perang Bola-Bola",
		"This is an ultra fun, cute and challenging casual game":"Ini permainan santai yang super menarik,  ",
	  	"allowing players all over the world to compete with one another in time.":"imut keren, menantang, bisa bermain dengan pemain dari seluruh dunia. ",
	  	"Join right now.":"Cepat buktikan kehebatanmu!",
		"Ver.1.1":"Ver.1.2",
	  	"Size: 24MB":"Paket instalasi: 24MB",
		"Last Update: 2015/06/02":"Waktu perbaharui: 2015/06/08",
		"About Us":"About Us",
		"Products":"Products",
		"Investor relations":"Investor relations",
		"Contact Us":"Contact Us",
		"© 2013 Giant Interactive Group, Inc. All Rights Reserved.":"© 2013 Giant Interactive Group, Inc. All Rights Reserved.",
		".":"",
	  	"..":"",
	  	"https://itunes.apple.com/us/app/qiu-qiu-da-zuo-zhan-battle/id996509117?l=zh&ls=1&mt=8":"https://itunes.apple.com/us/app/qiu-qiu-da-zuo-zhan-battle/id996509117?l=zh&ls=1&mt=8",
	  	"https://play.google.com/store/apps/details?id=com.ztgame.bob":"https://play.google.com/store/apps/details?id=com.ztgame.bob",
		"LOGO-en.png":"LOGO-en.png"
	},
	"regex": [

	]
}