{
	"token": {
		"Battle of Balls":"Guerra de bolinhas",
		"This is an ultra fun, cute and challenging casual game":"Este é um jogo super divertido, ",
	  	"allowing players all over the world to compete with one another in time.":"desafiador e casual pode se jogar em  tempo real com todos os players do mundo inteiro de jogos casuais.",
	  	"Join right now.":"Venha e desafiar esta batalha!",
		"Ver.1.1":"Ver.1.2",
	  	"Size: 24MB":"Pacote de instalação: 24MB",
		"Last Update: 2015/06/02":"Tempo de atualização: 2015/06/07",
		"About Us":"About Us",
		"Products":"Products",
		"Investor relations":"Investor relations",
		"Contact Us":"Contact Us",
		"© 2013 Giant Interactive Group, Inc. All Rights Reserved.":"© 2013 Giant Interactive Group, Inc. All Rights Reserved.",
		".":"",
	  	"..":"",
	  	"https://itunes.apple.com/us/app/qiu-qiu-da-zuo-zhan-battle/id996509117?l=zh&ls=1&mt=8":"https://itunes.apple.com/us/app/qiu-qiu-da-zuo-zhan-battle/id996509117?l=zh&ls=1&mt=8",
	  	"https://play.google.com/store/apps/details?id=com.ztgame.bob":"https://play.google.com/store/apps/details?id=com.ztgame.bob",
		"LOGO-en.png":"LOGO-en.png"
	},
	"regex": [

	]
}