{
	"token": {
		"Battle of Balls":"ศึกลูกบอล",
		"This is an ultra fun, cute and challenging casual game":"นี่คือเกมที่สนุกมาก น่ารักมาก และมีความท้าทายมาก ",
	  	"allowing players all over the world to compete with one another in time.":"เป็นเกมที่สามารถต่อสู้กับผู้เล่นทั่วโลกได้แบบรีลไทม์",
	  	"Join right now.":"รีบมาท้าทายความสนุกสุดเหวี่ยงดูสิ！",
		"Ver.1.1":"Ver.1.2",
	  	"Size: 24MB":"แพ็คติดตั้ง: 24MB",
		"Last Update: 2015/06/02":"เวลาอัพเดท: 2015/06/07",
		"About Us":"About Us",
		"Products":"Products",
		"Investor relations":"Investor relations",
		"Contact Us":"Contact Us",
		"© 2013 Giant Interactive Group, Inc. All Rights Reserved.":"© 2013 Giant Interactive Group, Inc. All Rights Reserved.",
		".":"",
	  	"..":"",
	  	"https://itunes.apple.com/us/app/qiu-qiu-da-zuo-zhan-battle/id996509117?l=zh&ls=1&mt=8":"https://itunes.apple.com/us/app/qiu-qiu-da-zuo-zhan-battle/id996509117?l=zh&ls=1&mt=8",
	  	"https://play.google.com/store/apps/details?id=com.ztgame.bob":"https://play.google.com/store/apps/details?id=com.ztgame.bob",
		"LOGO-en.png":"LOGO-en.png"
	},
	"regex": [

	]
}