{
	"token": {
		"Battle of Balls":"Bong bóng đại tác chiến",
		"This is an ultra fun, cute and challenging casual game":"Đây là một trò chơi vô cùng thú vị, ",
	  	"allowing players all over the world to compete with one another in time.":"đáng yêu và có tính thử thách rất cao, bạn có thể được chiến đấu với người chơi trên toàn thế giới. ",
	  	"Join right now.":"Mau tới để thách thức giới hạn cao nhất của mình nào!",
		"Ver.1.1":"Ver.1.2",
	  	"Size: 24MB":"Gói cài đặt: 24MB",
		"Last Update: 2015/06/02":"Thời gian cập nhật: 2015/06/08",
		"About Us":"About Us",
		"Products":"Products",
		"Investor relations":"Investor relations",
		"Contact Us":"Contact Us",
		"© 2013 Giant Interactive Group, Inc. All Rights Reserved.":"© 2013 Giant Interactive Group, Inc. All Rights Reserved.",
		".":"",
	  	"..":"",
	  	"https://itunes.apple.com/us/app/qiu-qiu-da-zuo-zhan-battle/id996509117?l=zh&ls=1&mt=8":"https://itunes.apple.com/us/app/qiu-qiu-da-zuo-zhan-battle/id996509117?l=zh&ls=1&mt=8",
	  	"https://play.google.com/store/apps/details?id=com.ztgame.bob":"https://play.google.com/store/apps/details?id=com.ztgame.bob",
		"LOGO-en.png":"LOGO-en.png"
	},
	"regex": [

	]
}